total_revenue,total_payout,total_orders,total_reach,influencer_count,platform_roas,revenue_share
13164.31,3830.95,17.0,366550.0,1,3.4363043109411504,1.6381672431309966
352222.33,69555.13,362.0,11416095.0,11,5.063930295292382,43.83056030321955
242718.41999999998,42463.09,227.0,11272585.0,7,5.715985812619854,30.203889527708732
195494.82,39294.71,186.0,3959462.0,6,4.9750925760744895,24.327382925940704
